"user","post","date"
"jpgpa.bsky.social","Just heard on MSNOW that about 16 pairs of gloves were found in or around Guthrie property, MOST OF WHICH ARE DISCARDED BY SEARCHERS!! What the hell did they do, just drop them in the search area?! Do I even need to continue my remarks and opinions about this?","2026-02-16T22:56:44.614Z"
"jpgpa.bsky.social","When I heard that Savannah Guthrie was going to Italy to cover the Olympics, for some weird reason I thought maybe the kidnappers of her mother Nancy have thought of a way to profit from her not being able to go now! I know it doesn't make sense, but am I the 1st to think that might be a motive?","2026-02-04T22:33:10.680Z"
"jpgpa.bsky.social","We aren't chasing followers. We are connecting for the fight ahead. We all need to be doing that. If you have not been on one of my starter packs, the way to get vetted for the next one is to help share this post. go.bsky.app/H9i84qr","2026-02-01T01:20:09.333Z"
"jpgpa.bsky.social","This is a cover up of a murder, led by our own federal government.","2026-01-29T23:00:10.455Z"
"jpgpa.bsky.social","San Diego vigil for Alex Pretti at the VA Medical Center","2026-01-30T03:47:03.045Z"
"jpgpa.bsky.social","Lindsey Graham will shut down U.S. Gov witholding his vote unless he's paid half a million $.","2026-01-30T04:43:33.621Z"
"jpgpa.bsky.social","ðŸ˜€","2026-01-30T04:59:00.660Z"
"jpgpa.bsky.social","There are 3,800 kids in ICE custody.","2026-01-30T03:44:06.002Z"
"jpgpa.bsky.social","The Epstein files arenâ€™t coming before the mid-terms because if they did, Republicans would be massacred in the election","2026-01-29T08:04:55.666Z"
"jpgpa.bsky.social","STAND FIRM AND CALL FOR: ðŸ”¥ABOLISH ICE & DHS ðŸ”¥NO short term CR for DHS ðŸ”¥Arrest, prosecute, & imprison Miller ðŸš¨Adjustments to ICE & DHS is weak & wrong. Weâ€™re being brutalized, threatened & murdered while holding the line for our nation. SHUT IT DOWN!!! www.youtube.com/watch?v=wWKS...","2026-01-30T04:39:37.168Z"
"jpgpa.bsky.social","Our healthcare is CUT Tariffs are costing us more everywhere Yet Trump and Republicans want more money for ICE who is terrorizing U.S cities NO MORE DO NOT FUND ICE STOP THE ABUSE","2026-01-26T23:40:24.769Z"
"jpgpa.bsky.social","Federal forces on our streets is NOT NORMAL. The fear of federal agents is not normal. We demand our safety and our peace back. #ICEoffOurStreets","2026-01-30T03:18:19.149Z"
"jpgpa.bsky.social","Power, Fear, Control","2026-01-29T20:54:06.333Z"
"jpgpa.bsky.social","Good fucking gawd. The shamelessness and false equivalencies of far-right MAGA fascists is really something to behold.","2026-01-29T20:54:08.351Z"
"jpgpa.bsky.social","U.S. TikTok users are fleeing to Rival App â€œUpScrolledâ€ due to TikTokâ€™s updated US Privacy Policy. It is one of the most aggressive data collection regimes of any mainstream consumer platform, explicitly acknowledging the collection & processing of sensitive personal information! Your thoughts?","2026-01-29T20:53:17.736Z"
"jpgpa.bsky.social","ðŸš¨Alex Pretti Family CALLS OUT Trump for TWISTED COVER UP!!","2026-01-25T02:45:14.000Z"
"jpgpa.bsky.social","""""Removing the exhibits is an effort to whitewash American history. History cannot be erased simply because it is uncomfortable. Removing items from the Presidentâ€™s House merely changes the landscape, not the historical record.â€ - Kenyatta Johnson www.theguardian.com/us-news/2026...?","2026-01-23T21:10:15.520Z"
"jpgpa.bsky.social","Sheâ€™s out here in Woodbury by herself â™¥ï¸","2026-01-23T23:26:49.334Z"
"jpgpa.bsky.social","From Steve Simon, MN Secy of State. ICE agents chase down and handcuff a child in negative temperatures while he's saying """"I'm legal"""". How is this making us safer? #ProudBlue ðŸ“¹: @MNSteveSimon/X","2026-01-23T22:08:42.917Z"
"jpgpa.bsky.social","I understand that 5 yo boy taken into custody in MN likes Spiderman (see his backpack). I would like to see the actor that currently plays Spiderman pay him a personal visit after all the trauma he's endured by these monsters!","2026-01-23T23:34:21.025Z"
"jpgpa.bsky.social","If youâ€™re defending kidnapping a five year old, youâ€™re losing","2026-01-23T19:39:57.218Z"
"jpgpa.bsky.social","In solidarity with today's ICE OUT OF MINNESOTA blackout, MinnMax is donating $1 to the Immigrant Law Center of Minnesota for every share of this Bluesky post for the next hour.","2026-01-23T16:01:32.204Z"
"jpgpa.bsky.social","ICE agent asked why he's taking pictures of a legal observer's car, replies: """"Cuz we have a nice little database and now you're considered a domestic terrorist. So have fun with that.""""","2026-01-23T17:32:30.219Z"
"jpgpa.bsky.social","Literally","2026-01-22T22:49:33.849Z"
"jpgpa.bsky.social","Hahaha. Canada, we love you. Honestly, not being invited is a badge of honor. Wear it proudly.","2026-01-23T03:06:12.902Z"
"jpgpa.bsky.social","TODAY, Friday January 23rd, 2026: We are ALL residents of Minnesota. We ALL want #ICE_OutForGOOD ðŸš« ðŸ§Š Also: #ICE_OUT4ReneeGood ðŸ’”","2026-01-23T08:02:58.169Z"
"jpgpa.bsky.social","AOC: An agency that is attacking U.S. citizens, kidnapping five-year-olds and using them as bait, and privately circulating the idea that they can violate the rights of Americans by busting down their doorsâ€”they deserve to be defunded, and Iâ€™ll take any step in that direction.","2026-01-22T23:29:36.661Z"
"jpgpa.bsky.social","No one can be watching this Davos speech and reach any conclusion but that the President of the United States is mentally disturbed and that something is deeply wrong with him. This is both embarrassing and extremely dangerous.","2026-01-21T14:49:35.064Z"
"jpgpa.bsky.social","Money that could have gone to healthcare or education is going to an armed militia","2026-01-17T05:12:29.889Z"
"jpgpa.bsky.social","Why should Clinton testify when Trump wonâ€™t?","2026-01-13T15:56:20.239Z"
"jpgpa.bsky.social","EPI: â€œ.. In this report, we examine 47 of the most significant actions Trump has taken in the first year of his second term to make it harder for working families to afford the cost of living.â€ @epi.org @deanbaker13.bsky.social www.epi.org/publication/...","2026-01-13T15:18:43.911Z"
"jpgpa.bsky.social","In my fifty years in politics, I donâ€™t think Iâ€™ve seen anything like this before. I haven't always agreed with Jerome Powell, but what Donald Trump is doing is out of the dictatorâ€™s playbook. Kudos to Powell for speaking out.","2026-01-13T01:28:15.074837Z"
"jpgpa.bsky.social","Trump is literally the biggest threat to our democracy and country. Anyone who doesnâ€™t speak up and recognize heâ€™s not American first is a pathetic coward.ðŸ˜¡","2026-01-13T02:09:09.252Z"
"jpgpa.bsky.social","â€œ.. Due to the impact of Trump's tariffs, the all-in cost of aluminum in America has surged to a record high ..â€ - @javierblas.bsky.social","2026-01-12T17:32:30.353Z"
"jpgpa.bsky.social","This is encouraging. Signs of a Senate with a spine.","2026-01-12T18:19:38.076Z"
"jpgpa.bsky.social","A dementia patient is in charge of the nuclear codes.","2026-01-12T04:31:42.421Z"
"jpgpa.bsky.social","Karma doesnâ€™t rush, she documents. And when she delivers, she doesnâ€™t miss. (this was NOT Rossâ€™s first violent assault as a law enforcement officer)","2026-01-11T17:17:22.035Z"
"jpgpa.bsky.social","The president of the United States is extorting the Federal Reserve Board Chairman by threatening criminal prosecution if he doesn't lower interest rates. DOJ is compromised, legacy media is cowed and Big Law is AWOL. As I wrote last year: """"We are on our own.""""","2026-01-12T01:01:40.479Z"
"jpgpa.bsky.social","Jerome Powell, Federal Reserve Chair has time and time again done his job for the American people. The ðŸŠ ðŸ¤¡ has been at him time and time again trying to bully him into doing his own bidding. Today was no different. I stand with Powell","2026-01-12T01:48:14.648Z"
"jpgpa.bsky.social","Trump fabricated charges concerning the Fedâ€™s planned and approved renovation, meanwhile back at the East Wingâ€¦â€¦.","2026-01-12T01:05:26.245Z"
"jpgpa.bsky.social","Video message from Federal Reserve Chair Jerome H. Powell: www.youtube.com/watch?v=KckG... www.federalreserve.gov/newsevents/s...","2026-01-12T00:35:27.499Z"
"jpgpa.bsky.social","If Gates can figure it out, maybe more republicans can too? #ProudBlue #UnqualifiedCriminal","2026-01-12T03:01:35.878Z"
"jpgpa.bsky.social","Appreciate you Doc Murphy ðŸ¤— Thanks for the inclusion ðŸ’«ðŸŒŠ","2026-01-09T03:54:22.000Z"
"jpgpa.bsky.social","Oh America. What have you done to unleash these shit human beings on yourselves, and the rest of us. Gangsters loaded with money and guns, and increasingly indistinguishable from Russia; with the exception that American guns actually work, making them even more dangerous. This is Putin's triumph.","2026-01-09T04:59:35.210Z"
"jpgpa.bsky.social","Look carefully at the video of ICE executing the woman in Minn. NOT ONE other officer has their weapon drawn. Why? Because there was no threat to their lives by the 37 year old woman in the car. One ICE officer decided to execute this woman. This is what MURDER looks like. Charge him NOW!","2026-01-08T13:11:25.030Z"
"jpgpa.bsky.social","Stop playing their game. Every time you focus on the Felon Frontman, the GOPra Nostra succeedsâ€”using him as a shield from accountability. They put him in the White House instead of a jailhouse. They could remove him tomorrow if they chose to. WO CRIMINAL STRUCTURES - FACSIST TYRANTS FALL FOCUS-GOP","2026-01-08T14:40:43.283Z"
"jpgpa.bsky.social","ðŸ’¯â¬‡ï¸The 1% bought the GOP = GOPra Nostra Felon would be in jail wo collusion of GOP elected who sold OUR liberty & resources to 1% Donors to amass wealth Strongmen are only powerful because of the criminal syndicates that front them. WO CRIMINAL STRUCTURES - FACSIST TYRANTS FALL FOCUS-GOP elected","2026-01-08T15:01:12.145Z"
"jpgpa.bsky.social","A GoFundMe has been established to pay funeral expenses and help the family. www.gofundme.com/f/support-fo...","2026-01-08T05:57:07.106Z"
"jpgpa.bsky.social","Justice means changing the system that allowed this to happen. Urge your Senators to start proceedings to abolish ICE â€“ (202) 224-3121. And register to vote. #SayTheirNames #RegisterDemocrats #Voterizer social.fieldteam6.org/s/94Z0lUEM #sheshed","2026-01-08T05:22:34.500Z"
"jpgpa.bsky.social","Day #353. Plans emerge. We need to coalesce a 100 year plan. Keep going. Remember this...... Remember piece includes accountability.","2026-01-08T06:00:25.713Z"
"jpgpa.bsky.social","Thank you so much for the shout-out Coko ðŸ’™ â¤ï¸ ðŸ‘Š followed those I wasn't and reposted!!","2026-01-06T05:45:31.511Z"
"jpgpa.bsky.social","#Unite @mlipsitt.bsky.social @resist4harris.bsky.social @liberalwarrior.bsky.social @markrf400.bsky.social @jandee924.bsky.social @jimmymac5011.bsky.social @philnurenberg.bsky.social @62walterp.bsky.social @trumpsatwit.bsky.social @lstewartsc.bsky.social @gr3te.art @coko.bsky.social ðŸš«ADDSðŸš«","2026-01-06T05:41:44.699Z"
"jpgpa.bsky.social","TY Maureen! Great meme ðŸ¤£ @moberzan.bsky.social ðŸ’™âœŒðŸ¼ðŸ’™ @fireeyebooks.bsky.social @bluestormcomin1.bsky.social @robertbeattie.bsky.social @raykwong.bsky.social @genxer-71.bsky.social @hopeful66.bsky.social","2026-01-06T04:17:52.317Z"
"jpgpa.bsky.social","@hopeful66.bsky.social @atoth99.bsky.social @waysideleslie.bsky.social @allie-froglegs.bsky.social @abbarsha.bsky.social @markymark757.bsky.social @warriorinblue.bsky.social @kidsandpets.bsky.social @tobieonice.bsky.social @gdad1x7.bsky.social @itsmaryb.bsky.social @ltwlauren.bsky.social","2026-01-05T18:17:41.643Z"
"jpgpa.bsky.social","ðŸ¤£ðŸ¤£","2026-01-05T19:13:01.345Z"
"jpgpa.bsky.social","Pres Claudia Sheinbaum invokes the UN Charter against Trumpâ€™s Venezuela invasion. Mexicoâ€™s message: No nation is safe if international law is ignored. I love her..","2026-01-04T08:38:27.596Z"
"jpgpa.bsky.social","So 80+ people died because the international criminal was upset that the Venezuelan dictator could at least hit the 2s and 4s? Are we done with this shit yet? #SheShed #Venezuela","2026-01-04T23:00:11.864Z"
"jpgpa.bsky.social","Letâ€™s see if Iâ€™ve got this right. A man that attempted to overthrow his own government just kidnapped the leader of another country who tried to overthrow his government.","2026-01-04T20:02:02.158Z"
"jpgpa.bsky.social","This is a highly informative tool and map of active hate and anti-government groups in America. The Southern Poverty Law Center compiled the data. @splcenter.org Please repost. #ProudBlue #DV1 #Pinks www.splcenter.org/hate-map/?hm...","2026-01-04T20:46:45.472Z"
"jpgpa.bsky.social","tRumpie will not leave Venezuela until his pockets are full, no matter what he says.","2026-01-03T19:57:48.423Z"
"jpgpa.bsky.social","This administration is captured by Moscow and pose a national security threat to the United States.","2026-01-02T05:25:16.698Z"
"jpgpa.bsky.social","Number of people who go bankrupt every year because of medical bills or illness-related work loss: ðŸ‡¦ðŸ‡º 0 ðŸ‡¨ðŸ‡¦ 0 ðŸ‡©ðŸ‡° 0 ðŸ‡«ðŸ‡® 0 ðŸ‡«ðŸ‡· 0 ðŸ‡©ðŸ‡ª 0 ðŸ‡®ðŸ‡¸ 0 ðŸ‡®ðŸ‡ª 0 ðŸ‡®ðŸ‡¹ 0 ðŸ‡¯ðŸ‡µ 0 ðŸ‡³ðŸ‡± 0 ðŸ‡³ðŸ‡´ 0 ðŸ‡µðŸ‡¹ 0 ðŸ‡ªðŸ‡¸ 0 ðŸ‡¸ðŸ‡ª 0 ðŸ‡¬ðŸ‡§ 0 ðŸ‡ºðŸ‡¸ 530,000 Thereâ€™s a lesson there.","2026-01-01T21:01:27.318Z"
"jpgpa.bsky.social","Effective today, CAâ€™s ban on law enforcement wearing masks (with exceptions for undercover) takes effect. ICE agents will be identified and held accountable for their human rights violations in CA. Trump canâ€™t pardon CA State convictions #Voices4Victory #ProudBlue m.youtube.com/watch?v=c2Rx...","2026-01-02T02:50:07.499Z"
"jpgpa.bsky.social","The thing about â€œSomali Fraudâ€ is that Donald Trump raped and sexually abused girls within Jeffrey Epsteinâ€™s child sex trafficking ring.","2025-12-30T21:47:49.898Z"
"jpgpa.bsky.social","Mark Cuban on why he got into business selling drugs at a fixed markup, when he could make more money by selling at higher prices: â€œBecause Iâ€™m rich as fuck and I didnâ€™t care about the money....My next dollar is not going to change my life.â€","2026-01-02T02:00:22.587Z"
"jpgpa.bsky.social","RELEASE ALL OF THE EPSTEIN FILES CHUMPSTER.....","2025-12-31T10:59:56.436Z"
"jpgpa.bsky.social","Here a novel idea, letâ€™s let the survivors redact the Epstein files.","2025-12-30T22:37:03.425Z"
"jpgpa.bsky.social","RELEASE THE EPSTEIN FILES UNREDACTED","2025-12-30T12:33:32.375Z"
"jpgpa.bsky.social","Since weâ€™re renaming thingsâ€¦","2026-01-01T12:47:55.013Z"
"jpgpa.bsky.social","ðŸŽ¯","2025-12-30T02:21:52.570Z"
"jpgpa.bsky.social","Harrison Ford: â€œTrump doesn't have any policies, he has whims. It scares the shit out of me. The ignorance, the hubris, the lies, the perfidy. Trump knows better â€¦ he's making money â€¦ while the world goes to hellâ€¦ It's unbelievable. I don't know of a greater criminal in history""""","2025-12-29T19:49:27.841Z"
"jpgpa.bsky.social","Iâ€™m old enough to remember when CBS News would never have surrendered to a demagogic president or any other politician. Remember Edward R. Murrow?","2025-12-22T18:01:10.799001Z"
"jpgpa.bsky.social","If refusing to comment is enough to kill a story, then the government now has veto power over journalism. Thatâ€™s what CBS normalized last night â€” and it should scare everyone. open.substack.com/pub/adamkinz...","2025-12-22T16:30:55.214Z"
"jpgpa.bsky.social","CBS NEWS: â€œWe canâ€™t report on the current murdering spree until we get the serial killerâ€™s side of the story.â€","2025-12-22T20:39:49.376Z"
"jpgpa.bsky.social","A US president who has kinder words for Vladimir Putin than Rob Reiner is a disgrace to his country.","2025-12-17T22:40:38.664Z"
"jpgpa.bsky.social","After that speech, I think it is more important than ever that we see a real medical report and learn what medications he is on","2025-12-18T02:47:50.746Z"
"jpgpa.bsky.social","ðŸ‘‡ðŸ½","2025-12-17T04:34:29.835Z"
"jpgpa.bsky.social","@bab102.bsky.social @fredbluevoter.bsky.social @ltwlauren.bsky.social @matt-man69.bsky.social @jagarvaken.bsky.social @seizeday.bsky.social @1mikeyob.follows.tech @resist61.bsky.social @annmb48.bsky.social @pappy807.bsky.social @kycolonelclark.bsky.social @lenny60.bsky.social","2025-12-16T11:38:44.220Z"
"jpgpa.bsky.social","Thank you, Whoopi, for saying all of this!!","2025-12-16T05:05:15.929Z"
"jpgpa.bsky.social","Only the orange felon could make the murders of Rob Reiner and his wonderful wife Michele all about himself whilst insulting him in the process. I truly hate this evil vile sadistic scumbag.","2025-12-15T16:46:07.312Z"
"jpgpa.bsky.social","After Charlie Kirkâ€™s murder, Rob Reiner responded with empathy and grace. After Rob Reinerâ€™s murder, MAGA and their felon celebrated it. Thatâ€™s the difference.","2025-12-15T19:53:47.386Z"
"jpgpa.bsky.social","ðŸ‘ðŸ½ðŸ‘ðŸ½ðŸ‘ðŸ½ðŸ‘ðŸ½","2025-12-16T03:51:12.492Z"
"jpgpa.bsky.social","How right Rob Reiner was/is. Another force of good leaves our world whilst the most evil remain to continue deliberately destroying everything around us. Itâ€™s infuriating and devastating.","2025-12-15T21:23:53.743Z"
"jpgpa.bsky.social","When companies like Aetna or UnitedHealthcare want to rein in costs, they turn to EviCore, whose business model depends on turning down payments for care recommended by doctors for their patients. (Published Oct. 2024 with @capitolforum.bsky.social)","2025-12-13T04:00:09.638571445Z"
"jpgpa.bsky.social","@houserepublicans.bsky.social @senatorjohnthune.bsky.social This is your â€œleaderâ€ that you would do anything for including had over America so he can BANKRUPT just like he has other businesses. This is the GOP party perfect picture of you ALL.","2025-12-12T18:15:25.165Z"
"jpgpa.bsky.social","True","2025-12-11T03:21:31.345Z"
"jpgpa.bsky.social","#Unite @hopeful66.bsky.social @gmf1369.bsky.social @alphacentauri53.bsky.social @donshifs.bsky.social @bluetrain5.bsky.social @rubicon1313.bsky.social @democracyhere.bsky.social @electroboyusa.bsky.social @lynieb.bsky.social @starfyre59.bsky.social @mabinogi62.bsky.social @coko.bsky.social ðŸš«NO ADDðŸš«","2025-12-10T04:58:25.344Z"
"jpgpa.bsky.social",".","2025-12-08T03:40:30.786Z"
"jpgpa.bsky.social","RELEASE ALL THE EPSTEIN FILES NOW! RELEASE ALL THE EPSTEIN FILES NOW! RELEASE ALL THE EPSTEIN FILES NOW! RELEASE ALL THE EPSTEIN FILES NOW! RELEASE ALL THE EPSTEIN FILES NOW! RELEASE ALL THE EPSTEIN FILES NOW! RELEASE ALL THE EPSTEIN FILES NOW! RELEASE ALL THE EPSTEIN FILES NOW!","2025-12-08T00:50:42.909Z"
"jpgpa.bsky.social","Affordability concerns are real because: - Tariffs raise import costs - Deportations make it harder to harvest crops - Attacking Obamacare hikes premiums - Budget deficits raise mortgage payments - Undermining the Fed risks inflation. It's not a hoax; it's a policy choice.","2025-12-07T17:46:44.965Z"
"jpgpa.bsky.social","A Republican president once picked Ben Bernankeâ€”a future Nobel laureateâ€”because expertise mattered more than spin. That norm, picking Fed chairs for brains not loyalty, does more to protect your paycheck than any campaign slogan.","2025-12-07T22:56:33.869Z"
"jpgpa.bsky.social","Mockler: It's honestly humiliating that other countries are treating our president like a child, like a baby. It's like if I created a peace prize and I gave it to myself. I'm like, I'm just going to keep this medal on all night. Our president is an actual child","2025-12-06T03:24:13.883Z"
"jpgpa.bsky.social","DOGE May Be Dead But Musk Stole Govt. (and YOUR) Data First","2025-11-29T03:45:46.000Z"
"jpgpa.bsky.social","""""My poll numbers have never been better.""""","2025-11-28T15:53:48.984Z"
"jpgpa.bsky.social","Oh my. When you've lost the Babylon Bee â€¦","2025-11-28T16:26:24.696Z"
"jpgpa.bsky.social","This is why a con man shouldnâ€™t have been allowed to become President! This ðŸ‘‡","2025-11-27T12:33:42.060Z"
"jpgpa.bsky.social","You know, in a weird way I'm kind of impressed It takes real talent to somehow screw up America's relationship with Canada","2025-11-28T04:25:57.517Z"
"jpgpa.bsky.social","Keep asking questions, ladies. The men arenâ€™t doing it.","2025-11-28T04:32:17.854Z"
"jpgpa.bsky.social","ðŸ˜¢ðŸ™ðŸ¾ðŸ‡ºðŸ‡² #ONEV1 #Pinks ðŸŒ¸ #Voices4Victory","2025-11-28T02:14:22.884Z"
"jpgpa.bsky.social","www.reddit.com/r/CzechCocon...","2025-11-24T05:57:36.064Z"
"jpgpa.bsky.social","#FiverFriday nÂ°9/28 for @ukrser.bsky.social â€¢ Starlink needed â€¢ Repair of previous Starlink, which failed after another shelling; â€¢ Modern walkie-talkie for high-quality and uninterrupted communication between groups. ðŸ”— : bsky.app/profile/ukrs... ðŸ…¿ï¸ðŸ…¿ï¸ : sereshka.vn@gmail.com bsky.app/profile/toon...","2025-11-22T03:17:43.744Z"
"jpgpa.bsky.social","I'm worried about The Machine that makes this possible:","2025-11-21T03:54:28.230Z"
"jpgpa.bsky.social","â€œIâ€™ve had a missile blow up next to my airplane, been shot at dozens of time by anti-aircraft fire, and launched into orbit - all for my country. I never thought Iâ€™d see a president call for my execution.â€ Sen. Mark Kelly","2025-11-21T04:41:47.571Z"
"jpgpa.bsky.social","More and more corruption....","2025-11-19T23:50:22.436Z"
"jpgpa.bsky.social","Gee, no big press gathering in the Oval Office for Trumpâ€™s signing of the Epstein files bill. I wonder why not. Also wondering how closely the signature matches the one on the Epstein birthday note. Also wondering if weâ€™ll really see the Epstein files or if heâ€™ll claim loopholes for years.","2025-11-20T01:37:16.195Z"
"jpgpa.bsky.social","This one took me OUT ðŸ˜‚ðŸ¤£ðŸ˜†ðŸ‘ðŸ½ #QuietPiggy","2025-11-20T04:36:37.759Z"
"jpgpa.bsky.social","My god in heaven, that is scary stuff- Are we selling them the planes to attack us again, only harder?","2025-11-20T05:37:51.104Z"
"jpgpa.bsky.social","A few of my Sunday night favesðŸ’™ðŸ’™ðŸ’™ #DumpTrump #UnitedWeStand #FightWeWin #BlueCrew #EpsteinFiles @bluestormcomin1.bsky.social @yeathrive.bsky.social @atoth99.bsky.social @raykwong.bsky.social @lindylou425.bsky.social @jfordemocracy.bsky.social @schultziepie.bsky.social @genxer-71.bsky.social","2025-11-17T01:18:26.202Z"
"jpgpa.bsky.social","Bring itâ€¼ï¸","2025-11-16T02:32:40.459Z"
"jpgpa.bsky.social","People claim Trump thrives on instability. I disagree. Your average stable dictatorship can last a good 45 years. But it requires actual stability. The Trump Administration doesnâ€™t have a coherent plan at all. Just chaos shooting in the dark. melissanadiaviviana.com/rrr-trump-is...","2025-11-15T10:13:33.579Z"
"jpgpa.bsky.social","#ProudBlue Republican men insiders are keeping the plastic surgeons busy in DC Their surgeries are supposed to have made them â€œlook younger, more virile, & masculineâ€ Salon reports Republican men are undergoing â€œaggressive surgery, getting fake tans, and using fake makeupâ€ Iâ€™m not seeing it","2025-11-12T14:26:35.519Z"
"jpgpa.bsky.social","It depends on who you call...when you need real help.","2025-11-11T19:24:29.000Z"
"jpgpa.bsky.social","Quite the deal the Dems made yesterday! Repubs have promised to bring ACA up for a vote. Wonderful, all they have to do is vote it down and they are done with their promise. Case closed! They will say, """"gee, that was hard!"""" The Dems are geniuses!!","2025-11-10T23:24:53.925Z"
"jpgpa.bsky.social","John - if you make it to the general election, I will vote for you because you presumably are a Democrat, but I will not vote for you in a primary after this vote of yours.","2025-11-10T23:15:26.454Z"
"jpgpa.bsky.social","I need someone to calculate what the odds are that ALL 8 Democratic senators who caved to the Republicans to stop the shutdown, would not be up for election next year. Smacks of conspiracy of the entire caucus to choose just enough votes to get the Republicans over the top with none up for election","2025-11-10T22:17:07.560Z"
"jpgpa.bsky.social","Mallory outlines the bottom line cost of this bad deal.","2025-11-10T04:33:22.206Z"
"jpgpa.bsky.social","Healthcare is a necessity, not a bargaining chip. #WePersist","2025-11-10T04:33:34.048Z"
"jpgpa.bsky.social","Tim Kaine (VA) John Fetterman (PA) Dick Durbin (IL) Maggie Hassan (NH) Catherine Cortez Masto (NV) Jackie Rosen (NV) Angus King (ME) They do not support the concept of a fundamental right to healthcare. They sold the American people out. They must be primaried and stay gone. Chuck Schumer too.","2025-11-10T02:33:31.798Z"
"jpgpa.bsky.social","The average SNAP benefit per month is $177 a person. The average ACA benefit per month is up to $550 a person. People want us to hold the line for a reason. This is not a matter of appealing to a base. Itâ€™s about peopleâ€™s lives. And working people want leaders whose word means something to them.","2025-11-10T01:49:30.899Z"
"jpgpa.bsky.social","Duffy: Air travel will be reduced 'to a trickle' before Thanksgiving https://twp.ai/9PY0f9","2025-11-09T17:38:47.000Z"
"jpgpa.bsky.social","CONTINETTI: â€œ.. The off-year Democratic wave flooded Republican safe harbors. Democrats flipped at least 13 seats in Virginiaâ€™s House of Delegates. .. New Jersey Democrats will enjoy their largest Assembly majority in 52 years.â€ @wsj.com www.wsj.com/opinion/trum...","2025-11-09T17:38:42.043Z"
"jpgpa.bsky.social","When prices rise because *demand* is hot, wages usually follow. When prices rise because tariffs raise costs -- a *supply* shock -- thereâ€™s no reason paychecks catch up. Thatâ€™s why tariff inflation hurts a whole heckuva lot more. It's a permanent reduction in living standards.","2025-11-09T17:46:34.657Z"
"jpgpa.bsky.social","Theyâ€™re twins","2025-11-09T00:30:19.161Z"
"jpgpa.bsky.social","â€˜Hold on a secondâ€™: CNN host calls out Trump ally over inflation â€˜hysteriaâ€™ claim","2025-11-08T04:39:48.000Z"
"jpgpa.bsky.social","We have the GOP on the run - keep it HOT! Don't let them get away! A whole year to go. The electorate can NOT be allowed to forget!","2025-11-05T23:27:44.510Z"
"jpgpa.bsky.social","Well, if a lunatic tweeted it, then it must be true!","2025-11-04T06:26:09.031Z"
"jpgpa.bsky.social","BREAKING: Colorado voters approved a ballot measure that would raise state income taxes on higher-earning households to fund free meals for all public school students. Follow AP for live updates.","2025-11-05T03:33:02Z"
"jpgpa.bsky.social","If nothing else, the last nine months should have made it clear that elections matter. But whatâ€™s remarkable about America is that we have the power, as citizens, to change this country by voting. Go to IWillVote.com.","2025-11-04T16:34:13.327Z"
"jpgpa.bsky.social","Dick Cheney did more than anyone else to build up expansive and destructive executive branch powers in the wake of 9/11; he lived to see another president turn those same powers against his own daughter. He should be a warning sign to the GOP today but too many of them are in the cult.","2025-11-04T12:35:00.530Z"
"jpgpa.bsky.social","Grijalva: I do think that Speaker Johnson misplayed his hand. There are people all over this nation who were out there with signs that said, â€œSwear her in.â€ They wouldnâ€™t have even known about me otherwise. Thank you for highlighting how corrupt the system youâ€™re protecting really is.","2025-11-04T00:43:46.411Z"
"jpgpa.bsky.social","ðŸ¤£","2025-11-04T23:03:50.058Z"
"jpgpa.bsky.social","So, the CA vote is """"illegal"""" but the states that are doing the same exact thing but to exclude all minorities to help MAGA scum are ok? What a fucking moron.","2025-11-04T17:35:50.759Z"
"jpgpa.bsky.social","The phone number for the U.S. Capitol switchboard is (202) 224-3121. #epstein","2025-11-03T00:27:27.102Z"
"jpgpa.bsky.social","Wouldnâ€™t it be wild if someone leaked the Epstein Files during the government shutdown? Just for morale.","2025-11-03T19:51:37.194Z"
"jpgpa.bsky.social","@jeaniedoc.bsky.social @kittycat226.bsky.social @kjos34.bsky.social @luful.bsky.social @peterdidit.bsky.social @semireflection.bsky.social @sibabili.bsky.social @dkwally.bsky.social @blueresister.bsky.social @kingresist.bsky.social @sassysister27.bsky.social @bluestormcomin1.bsky.social","2025-11-03T03:27:21.331Z"
"jpgpa.bsky.social","ðŸš¨ðŸš¨Wowâ€¼ï¸In these times of uncertainty we need more Romeoâ€™s in the world. He paid for people to eat for an hour and over 200 people were fed. This is the humanity and community we need right now. Bravo, Romeoâ€¼ï¸ðŸ”¥ðŸ’¥ðŸ”¥","2025-11-02T16:27:53.570Z"
"jpgpa.bsky.social","He knows the Sunday show producers are busy stacking their rundowns. Gotta feed them topics that arenâ€™t â€˜shutdownâ€™, â€˜SNAPâ€™, â€˜inflationâ€™ or â€˜Epsteinâ€™.","2025-11-01T22:50:35.604Z"
"jpgpa.bsky.social","Very creative White House Halloween costume ðŸ˜²","2025-11-01T13:38:05.172Z"
"jpgpa.bsky.social","It's November 1st Adelita Grijalva is still NOT SWORN IN ENOUGH House Republicans have been on vacation 40 plus days And They're getting paid Release the Epstein Files Swear in ADELITA GRIJALVA","2025-11-01T14:31:59.043Z"
"jpgpa.bsky.social","Trump is holding a Great Gatsby/Roaring 20s-themed party at his private club in Palm Beach tonight as he tries to withhold SNAP and health care subsidies from millions of Americans. (via Kellie Meyer)","2025-11-01T02:50:00.768Z"
"jpgpa.bsky.social","The way he rubs his inhumanity in Americansâ€ face never ceases to stun me. Heâ€™s illegally refusing to pay food stamp benefitsâ€¦ â€¦while he throws a ridiculously over the top Gatsby party for his right wing millionaire and corporate friends.","2025-11-01T03:36:02.642Z"
"jpgpa.bsky.social","A parting shot â€¦","2025-11-01T03:35:47.062Z"
"jpgpa.bsky.social","Put this on BLAST","2025-10-30T08:13:14.617Z"
"jpgpa.bsky.social","Just a reminder â€¦","2025-10-29T03:38:48.261Z"
"jpgpa.bsky.social","ðŸ‘‡","2025-10-28T01:24:12.946Z"
"jpgpa.bsky.social","Sunday SuperStars ðŸ”¥ðŸŒŸðŸ‘ðŸ¦‹ðŸ’™ ðŸŒŠ @sentenne.bsky.social @clarkpowers.bsky.social @gdad1x7.bsky.social @cgjiiuy.bsky.social @fireeyebooks.bsky.social @mrsdeborahlynn.bsky.social @astrea1965.bsky.social @donshifs.bsky.social @jbraden2008.bsky.social @sybbo.bsky.social @blueresister.bsky.social","2025-10-26T15:32:01.908Z"
"jpgpa.bsky.social","Did you know that over 1.3M active duty service members and veterans rely on SNAP benefits to feed themselves and their families? Now you know.","2025-10-26T23:18:59.601Z"
"jpgpa.bsky.social","I concur. What about you?","2025-10-26T14:04:52.862Z"
"jpgpa.bsky.social","ðŸ‘ðŸ½ðŸ‘ðŸ½ðŸ‘ðŸ½ðŸ‘ðŸ½ðŸ‘ðŸ½ðŸ’¯ðŸ‡¨ðŸ‡¦ðŸ¥‚","2025-10-27T00:19:31.232Z"
"jpgpa.bsky.social","Help slow down ICEâ€™s terror. Talk to local businesses about putting up signage to protect employees from ICE raids and show solidarity with immigrant communities: act.indivisible.org/signup/signs...","2025-10-27T00:59:04.006Z"
"jpgpa.bsky.social","Thank you @countrytngal.bsky.social for the shout-out. ðŸ’™ @clareraynor.bsky.social @peppapaxpippa.bsky.social @hopeful66.bsky.social @abbarsha.bsky.social @lacerantplainer.bsky.social @debbie156.bsky.social @everlily24.bsky.social @tmp0raryher0.bsky.social Such an embarrassment!","2025-10-26T23:42:26.297Z"
"jpgpa.bsky.social","Yep, and she said out with same evil, lying face she always uses.","2025-10-25T15:21:59.597Z"
"jpgpa.bsky.social","#EpsteinFiles #PedoFiles #childfucker #Trumpstein","2025-10-25T15:23:20.861Z"
"jpgpa.bsky.social","Given what Millerâ€™s threat to arrest Pritzker for seditious conspiracy, I ask again:","2025-10-25T03:05:59.887Z"
"jpgpa.bsky.social","Our military is being paid by an anonymous donor. Our WH East Wing was demolished for a ballroom - paid for by donors. These arenâ€™t acts of benevolence or patriotism. This is the oligarchy assuming control, insidiously becoming part of how we function. Every American should reject it.","2025-10-25T02:21:40.120Z"
"jpgpa.bsky.social","ðŸ‘ðŸ»ðŸ‘ðŸ»ðŸ‘ðŸ»","2025-10-24T09:01:11.033Z"
"jpgpa.bsky.social","â¬‡ï¸ â¬‡ï¸ â¬‡ï¸ â¬‡ï¸ â¬‡ï¸ â¬‡ï¸ â¬‡ï¸ â¬‡ï¸ â¬‡ï¸ â¬‡ï¸ â¬‡ï¸","2025-10-25T01:29:32.201Z"
"jpgpa.bsky.social","Streisand would be proud. ðŸ¥²","2025-10-24T17:38:21.444Z"
"jpgpa.bsky.social","The Trump administration has finalized a plan to open the coastal plain of Alaska's Arctic National Wildlife Refuge to oil and gas drilling, renewing long-simmering debate over whether to drill in one of the nation's most sensitive wilderness areas. n.pr/42WZfy6","2025-10-24T04:29:02.468124Z"
"jpgpa.bsky.social","christ almighty what is this guy doing www.washingtonpost.com/politics/202...","2025-10-22T01:16:06.244Z"
"jpgpa.bsky.social","He did what now?!! That's not HIS, that belongs to the American people.","2025-10-21T04:41:13.239Z"
"jpgpa.bsky.social","A building isnâ€™t as important as the people his administration has murdered but thereâ€™s something breathtaking about seeing them literally demolish parts of the White House. I canâ€™t stop looking at it","2025-10-21T02:46:13.337Z"
"jpgpa.bsky.social","This needs traction.","2025-10-21T05:05:13.978Z"
"jpgpa.bsky.social","Accurate","2025-10-21T05:05:39.409Z"
"jpgpa.bsky.social","ðŸ“½ï¸ WATCH: This video on the rise of Russ Vought, Trump's â€œshadow president,â€ is based on scores of interviews, thousands of pages of emails and dozens of hours of videos and recordings of private briefings given by Vought, most of which have not been previously reported.","2025-10-19T03:00:05.230357712Z"
"jpgpa.bsky.social","Republicans control the House Republicans control the Senate Republican controls the White House This is their shutdown","2025-10-17T00:25:40.798Z"
"jpgpa.bsky.social","No Kings in Harrisburg, PA just getting started!","2025-10-18T18:05:22.386Z"
"jpgpa.bsky.social","The thing about No Kings is that Trump is in the Epstein Files.","2025-10-18T16:38:56.785Z"
"jpgpa.bsky.social","FYI: This comic ebook explaining our democracy at a fourth-grade reading level is free today on Amazon: www.amazon.com/gp/aw/d/B0F6...","2025-10-18T17:20:29.776Z"
"jpgpa.bsky.social","Ok, Son, you open the folds gently, and there is a magic button you can rub to make them very happy.","2025-10-18T14:56:43.189Z"
"jpgpa.bsky.social","GM AND THANK YOU @stephen5150.bsky.social ðŸ¦‹","2025-10-18T15:01:51.813Z"
"jpgpa.bsky.social","Meanwhile, in Canada .. â€œ.. Prime Minister Mark Carney taps a keg as beer sprays during Oktoberfest celebrations at the Schwaben Club in Breslau, Ontario ..â€ ðŸ‡¨ðŸ‡¦ @reuters.com","2025-10-17T21:13:29.634Z"
"jpgpa.bsky.social","I'm attending No Kings's event, â€œHARRISBURG PA - NO KINGS 2.0 - October 18thâ€ - sign up now to join me! www.mobilize.us/nokings/even...","2025-10-17T20:30:01.954Z"
"jpgpa.bsky.social","In fact, the â€œYoung Republicansâ€group extends to age 40 There is NOTHING Republicans wonâ€™t try to gaslight us about","2025-10-16T04:24:52.016Z"
"jpgpa.bsky.social","Tyvm, Flame ðŸ”¥ Nepo babies are the worst hires. Especially ones that were alcoholics, heroin addicts, sex addicts with parasitic brain worms that left parts of their brain dead, and have no medical, scientific or public health experience But he's white and rich.","2025-10-16T22:16:14.748Z"
"jpgpa.bsky.social","NEW: A photo from 2024 shows Trump backstage at a campaign rally with two members of the Young Republican National Federation involved in the deeply disturbing, racist group chat leaked this week. www.huffpost.com/entry/trump-...","2025-10-16T16:13:40.711Z"
"jpgpa.bsky.social","Terminating the Gateway Tunnel Project means eliminating up to 100,000 jobs in the New Jersey/New York region that would have benefitted from this project. Itâ€™s clear that mob boss Trump doesnâ€™t care about anyone other than himself.","2025-10-16T21:50:54.728Z"
"jpgpa.bsky.social","Whoâ€™s eating the tariffs? You, mostly. @cnbc.com www.cnbc.com/2025/10/16/t...","2025-10-16T19:53:53.860Z"
"jpgpa.bsky.social","Border czar Tom Homan dodged reporters at the White House as he refused to say if he took a $50,000 cash bribe in an FBI sting.","2025-10-16T16:30:14Z"
"jpgpa.bsky.social","250 years after the Revolution, the American project remains unfinished and troubled, but â€œa project worth pursuing,â€ @jeffreygoldberg.bsky.social argues in The Atlanticâ€™s new issue.","2025-10-16T05:15:15Z"
"jpgpa.bsky.social","It knew it was there and how long it has been there.","2025-10-16T04:34:03.715Z"
"jpgpa.bsky.social","Veteran says exactly what he thinks of ICE while they taser a man already on the ground.","2025-10-16T04:03:32.754Z"
"jpgpa.bsky.social","â€œWe must make it absolutely clear to Putin that he can never win,â€ Rutte added. Ukraine will win in spite of Donald Trump. Don't fool yourself, Trump in the end sides with Putin.","2025-10-16T04:26:41.955Z"
"jpgpa.bsky.social","The dictator now controls the voting machines.","2025-10-15T13:40:06.619Z"
"jpgpa.bsky.social","From Diaper Diplomacy.","2025-10-16T04:07:10.858Z"
"jpgpa.bsky.social","We are living in one of the stupidest times in history.","2025-10-15T13:35:53.574Z"
"jpgpa.bsky.social","Please remind us who the domestic terrorists are again.","2025-10-15T00:09:18.708Z"
"jpgpa.bsky.social","One of Trump's rape victims (Katie Johnson), before she & her family were threatened to drop the case. Note that EVERY Trump accuser (>25) has had death threats www.youtube.com/watch?v=gnib...","2025-09-06T22:34:13.313Z"
"jpgpa.bsky.social","Virginia: bsky.app/profile/chri... Farmer: bsky.app/profile/chri... Ransome: bsky.app/profile/chri... Dershowitz: bsky.app/profile/chri... PrinceAndrew bsky.app/profile/chri... Wexner: bsky.app/profile/chri... JeanLuc: bsky.app/profile/chri... Scale: bsky.app/profile/chri... bsky.app/profile/did:...","2025-09-16T21:00:19.289Z"
"jpgpa.bsky.social","If you canâ€™t sell your soybeans because of Trumpâ€™s tariffs after Argentina stepped in and took your customers, you can take solace that the guy you voted for also just gave $20 billion of your tax dollars to the country that is bankrupting you.","2025-10-15T00:07:26.665Z"
"jpgpa.bsky.social","donâ€™t be fooled","2025-10-14T05:00:29.716Z"
"jpgpa.bsky.social","ðŸ‘‡ðŸ‘‡","2025-10-14T03:35:07.370Z"
"jpgpa.bsky.social","Few patients appeal a health insurance denial, but a little-known process that requires insurers and plans to seek an independent opinion can force insurers to pay for what can be lifesaving treatment. Hereâ€™s what experts say you need to know.","2025-10-13T03:00:07.216496094Z"
"jpgpa.bsky.social","Senility Update: Trump Reviles Biden FBI For Misbehavior (At A Time When There Was No Biden FBI)","2025-10-13T03:25:54.000Z"
"jpgpa.bsky.social","â€œWith your patient and rigorous work, you can act as a barrier against those who, through the ancient art of lying, seek to create divisions in order to rule by dividing,â€ he said. â€œYou can be a bulwark of civility against the quicksand of approximation and post-truth...â€ apnews.com/article/pope...","2025-10-12T17:16:51.851Z"
"jpgpa.bsky.social","ðŸš¨ðŸš¨ðŸš¨WA Governor Bob Ferguson responds to a letter he received from AG Pam Bondi in which she threatened to place him in jail. ðŸ§¯He is on fire! 1/2","2025-10-12T19:57:15.171Z"
"jpgpa.bsky.social","We have armed secret police kidnapping people off the street based on the color of their skin. When we win: we will haul them before a Senate committee. The masks will come off. There will be consequences.","2025-10-12T16:44:35.121Z"
"jpgpa.bsky.social","ðŸ‘‡ðŸ‘‡","2025-10-11T20:35:54.463Z"
"jpgpa.bsky.social","I donâ€™t know who needs to hear this but the CDC is being eviscerated right now. America is not going to have any kind of outbreak response capacity after tonight. Americansâ€™ health data is no longer secure. Say goodbye to federal public health in any capacity. Itâ€™s a disaster. We wonâ€™t recover.","2025-10-11T03:05:00.882Z"
"jpgpa.bsky.social","ðŸ›‹ï¸3m - MUST read & keeper 5 Calls to STOP FascismðŸ”½ ðŸ‘‰Script for your STATE AG DA Treasurer Legislators Comptroller/Controller ðŸ‘‰Best TUE-THR. Avoid lunch 50â˜Žï¸9-10am = emergency meeting @ 11am Call, email, post in SoMe Call back in 3 days ðŸš¨Witness/Document Everything #resist #nokings #vote #epstein","2025-10-06T12:58:59.465Z"
"jpgpa.bsky.social","#icenapper #protest - This dude is an ICE agent who pretends to be a protestor. There was a video where he gets picked up by his ICE buddies. Weird. Not sure what their objectives are.","2025-10-12T03:32:30.837Z"
"jpgpa.bsky.social","ALWAYSâ€¼ï¸ðŸ‡ºðŸ‡¸","2025-10-12T02:51:47.019Z"
"jpgpa.bsky.social","Tester: Being a farmer is the best job Iâ€™ve ever had, but I have a dire warning for this country: Family farms are in trouble, and that translates to even bigger trouble for the rest of America. #mtpol","2025-10-10T20:15:32.236Z"
"jpgpa.bsky.social","The American revolution brought to you by the Cartoon Network. Love the resisters in Portland!","2025-10-11T12:04:44.889Z"
"jpgpa.bsky.social","Thousands of Antifa would like to know why the Republican Party has repudiated the Constitution and democracy they died for.","2025-10-11T05:08:28.817Z"
"jpgpa.bsky.social","Why hasn't Ken Paxton of #Texas been indicted for mortgage fraud?","2025-10-11T14:31:11.001Z"
"jpgpa.bsky.social","My favorite ðŸ‘ðŸ‘ðŸ‘ðŸ‘âœŠâœŠâœŠâœŠâœŠâœŠâœŠ","2025-10-10T01:13:49.195Z"
"jpgpa.bsky.social","@annettebeebe.bsky.social TyðŸ’™ @schultziepie.bsky.social @sailingsteve.bsky.social @missjoy1965.bsky.social @thisdudeabides.bsky.social @eggzbacn.bsky.social @judithbolyard.bsky.social @hopeful66.bsky.social @annettebeebe.bsky.social @bluestormcomin1.bsky.social @carlyja22.bsky.social","2025-10-09T18:06:19.633Z"
"jpgpa.bsky.social","AND NOW...A REMINDER!","2025-10-08T16:57:06.182Z"
"jpgpa.bsky.social","âœ‹âœ‹âœ‹ðŸ¤¬ðŸ¤¬ðŸ¤¬","2025-10-07T04:20:14.102Z"
"jpgpa.bsky.social","â™»ï¸Also, this: Please start going to the library, getting a free guest access pass to the computers, printing memes and infographics to tape in bathroom stalls or wherever, and pay with cash in the printer. Don't print from home as your printed copies can be traced to your home (yellow dot tracking)","2025-10-07T04:21:50.152Z"
"jpgpa.bsky.social","Podiatrist's Daughters: """"The bone spur diagnosis that helped Donald Trump avoid the Vietnam draft was a FAVOR"""" www.usatoday.com/story/news/p...","2025-10-06T20:53:32.507Z"
"jpgpa.bsky.social","ðŸ“Œ ðŸ“° News feeds â€¢ PINNED POST (Expand this thread for feed info)","2025-01-23T23:34:05.638Z"
"jpgpa.bsky.social","ðŸ‡ºðŸ‡¸ðŸ‡ºðŸ‡¸","2025-10-05T14:13:20.852Z"
"jpgpa.bsky.social","Mark Kelly: â€œlf you are undocumented in our country, you cannot get healthcare from the Affordable Care Act exchange. You are not eligible for Medicare. You are not eligible for Medicaid. Theyâ€™re just making that up. They just like to blame brown people.â€","2025-10-04T16:59:01.299Z"
"jpgpa.bsky.social","#ReleaseTheDamn #TrumpEpstein #PedoFILES","2025-10-03T19:16:48.306Z"
"jpgpa.bsky.social","@claynobles.bsky.social @boxdonkey17.bsky.social @gdad1x7.bsky.social @kingresist.bsky.social @pinkfloydlarson.bsky.social @electroboyusa.bsky.social @archeryfan93.bsky.social @lochnerwalter.bsky.social @dalewalls1.bsky.social @dougieg633.bsky.social @57kev.bsky.social @fiona-webster22.bsky.social ðŸ”„","2025-10-04T16:51:01.457Z"
"jpgpa.bsky.social","This shit is dystopian. Blackhawk helicopters, zip-tied kids, and racial segregation vans. ICE is terrorizing communities.","2025-10-04T14:32:17.580Z"
"jpgpa.bsky.social","ðŸ‘‡ðŸ‘‡","2025-10-03T22:50:01.726Z"
"jpgpa.bsky.social","The government is in full shutdown and the Republicans are refusing to call the House back into session. Want to know why? Because we have secured the final vote on releasing the Epstein Files and they donâ€™t want it out. Call GOP and tell them to swear in @adelitaforcongress.bsky.social.","2025-10-03T19:51:52.591Z"
"jpgpa.bsky.social","> @governor.ca.gov","2025-10-02T16:18:30.656Z"
"jpgpa.bsky.social","Poster child of failed parenting,","2025-10-01T04:59:06.924Z"
"jpgpa.bsky.social","Ted Cruz: â€œHow about we all come together and say let's stop attacking p*dophiles."""" ðŸ¤”","2025-10-01T03:00:52.358Z"
"jpgpa.bsky.social","Most of the power authoritarians have is freely given. We should not comply with them in advance. Trump is far weaker than he looks. So is the GOP. We should draw them out, drain them at every opportunity, and fight for peopleâ€™s wellbeing at every turn. We have been sent here to fight for people.","2025-10-01T03:10:08.799Z"
"jpgpa.bsky.social","Imagine that.","2025-10-01T04:59:24.318Z"
"jpgpa.bsky.social","National security expert gives Trump's latest speech '10 out of 10' for 'most unsettling'","2025-10-01T03:00:51.000Z"
"jpgpa.bsky.social","Donald Trump has officially shut down the government after refusing to negotiate with Democrats on health care for millions of Americans.","2025-10-01T04:15:01.836718234Z"
"jpgpa.bsky.social","Please Note: #VoteYes50 #ForOurDemocracy #KeepCaliforniaBlue","2025-09-29T11:30:16.225Z"
"jpgpa.bsky.social","Aaandâ€¦ bsky.app/profile/fems...","2025-09-29T14:59:42.054Z"
"jpgpa.bsky.social","Awesome.....","2025-09-29T14:58:05.750Z"
"jpgpa.bsky.social","Happy Monday to those fighting AGAINST this regimeðŸ‘ŠðŸ¾ #SheShed","2025-09-29T14:59:55.310Z"
"jpgpa.bsky.social","Never mind the Ryder Cup; whatâ€™s in the Epstein Files?","2025-09-28T21:51:04.799Z"
"jpgpa.bsky.social","ðŸ¤£ðŸ¤£ðŸ¤£","2025-09-29T04:00:52.323Z"
"jpgpa.bsky.social","â€œ.. In what appears to be a copy of Epsteinâ€™s itinerary, Musk had a tentative trip to Epsteinâ€™s island on Dec. 6, 2014. A note appended to that plan reads, â€˜is this still happening?â€™â€ @politico.com $TSLA www.politico.com/news/2025/09...","2025-09-26T17:17:02.191Z"
"jpgpa.bsky.social","Remember when Trump told us that Biden weaponized the DOJ and there was no evidence of that but now Trump specifically had his DOJ indict James Comey and MAGA is fine with it?","2025-09-26T15:19:15.483Z"
"jpgpa.bsky.social","While The Last Class film is still playing in hundreds of theaters, many of you have asked why canâ€™t it play in my local theater? Well it can! YOU can bring the film to a movie theater near you.","2025-09-25T23:13:05.291573Z"
"jpgpa.bsky.social","When Republican officials broadcast that theyâ€™ve found noncitizens on the rolls, it spurs the kind of headlines that drive worry about noncitizen voting. But when those claims later turn out to be unfounded, thereâ€™s rarely an apology for the lives theyâ€™ve upended.","2025-09-26T11:30:35.471Z"
"jpgpa.bsky.social","Trump says he â€œwill not allowâ€ Netanyahu to annex West Bank - BBC News Netanyahu is laughing at this fat stupid fuck. So are Putin and Xi. Fuck 'em all,especially Trump","2025-09-26T08:37:38.236Z"
"jpgpa.bsky.social","The GOP are totally responsible for a shut down - they wonâ€™t even talk to Dems & are using it as an excuse to further Project 2025 along.","2025-09-26T14:50:33.504Z"
"jpgpa.bsky.social","The ceo only cares about profits, not people!","2025-09-26T14:50:36.519Z"
"jpgpa.bsky.social","When the President uses federal law enforcement for his personal revenge, it puts all of us in danger.","2025-09-26T13:20:01.195Z"
"jpgpa.bsky.social","Just in case you didnâ€™t know: WE are paying $20 billion dollars to bailout Argentina from going bankrupt. Even though they are now supplying China with with soybeans instead of our farmers. Our citizens are starving, homeless and homeless but WE are paying for Argentina. Make it make sense!!","2025-09-26T14:50:42.281Z"
"jpgpa.bsky.social","Mikie Sherrillâ€™s military records were ILLEGALLY leaked to fuel a smear campaign & they found nothing to use! This is still an attack on every veteran who served with honor. Dems are demanding an investigation & accountability because NO ONE is above the law, even Republicans. #VoteNJ","2025-09-26T14:46:13.811Z"
"jpgpa.bsky.social","Worldâ€™s oceans fail key health check as acidity crosses critical threshold for marine life Scientists call for renewed global effort to curb fossil fuels as seven of nine planetary boundaries now transgressed www.theguardian.com/environment/...","2025-09-25T07:55:16.160Z"
"jpgpa.bsky.social","This is what unity looks like.","2025-09-26T04:34:38.255Z"
"jpgpa.bsky.social","Tylenol has just released a study connecting Donald Trump with adultery, lying, rape, and pedophilia.","2025-09-26T01:44:05.575Z"
"jpgpa.bsky.social","Argentina, Bolsonaro, Orban, AfD, Farage or Poilievre or Trump & GOP or PiS are all under IDU wings, run by Stephen Harper. Isn't anyone interested what Harper has to say about members of his IDU & why they are all falling flat on their faces when it comes to breaking the law? What is IDU?","2025-09-26T05:24:45.650Z"
"jpgpa.bsky.social","Good Morning Freedom Fighters, Resisters, Patriots. Friends & Family who support our great Democratic Republic. We have to stand together & fight like our lives & our family & friends lives depend on it because it is now or never for our Democratic Republic.","2024-11-16T17:36:29.103Z"
"jpgpa.bsky.social","bsky.app/profile/chri...","2025-09-26T05:24:53.449Z"
"jpgpa.bsky.social","ðŸ§µ Thread of Trump & Russia #TrumpRussia bsky.app/profile/did:...","2025-08-28T19:43:05.942Z"
"jpgpa.bsky.social","This piece was originally published in Rawstory on September 23rd. politizoom.com/trumps-worst...","2025-09-25T23:00:50.728Z"
"jpgpa.bsky.social","OUR BATHROOM MIRRORS ARE VITAL TO OUR NATIONAL SECURITY","2025-09-25T23:18:03.528Z"
"jpgpa.bsky.social","ðŸš¨ The U.S. scrambled jets after Russian aircraft approached Alaska. ðŸš¨ Putin is testing our defenses, and he sees only weakness in Trump.","2025-09-25T19:20:13.678Z"
"jpgpa.bsky.social","Itâ€™s so depressing watching the dumbest people in America drive this country into a ditch â€¦. Again","2025-09-25T14:28:15.579Z"
"jpgpa.bsky.social","Semi-regular reminder that a sane country would have already impeached and removed. But then again a sane country wouldnâ€™t have elected a maniac criminal twice in the first place.","2025-09-25T00:43:07.374Z"
"jpgpa.bsky.social","> @ishaantharoor.bsky.social","2025-09-23T16:36:06.290Z"
"jpgpa.bsky.social","... just another reminder of the CRIMINAL in the White House...","2025-09-21T16:16:57.780Z"
"jpgpa.bsky.social","Holy shit www.youtube.com/watch?v=emiB...","2025-09-21T03:02:04.430Z"
"jpgpa.bsky.social","Met the legendary Willie Nelson tonight at Farm Aid. For 40 years, he has championed family farmers and tirelessly advocated for our rural communities. And heâ€™s still going strong at 92!","2025-09-21T03:08:24.662Z"
"jpgpa.bsky.social","You guys want to know what happens when you choose fascism over freedom of speech? You lose 4 billion dollars within 24 hours. tribune.com.pk/story/256798...","2025-09-21T03:28:30.372Z"
"jpgpa.bsky.social","Deport this MFer.","2025-09-20T22:59:23.780Z"
"jpgpa.bsky.social","TY, Ray! Happy Friday! ðŸ’™ @ruscom.bsky.social @itsbek.bsky.social @kelofchgo.bsky.social @3dawglady.bsky.social @zibaldonedipensier.bsky.social @mcpuggins.bsky.social @petramichaela.bsky.social @clearradiance.bsky.social @braidedimag6.bsky.social @oldmanhippy.com @lsto4.bsky.social","2025-09-20T00:14:36.261Z"
"jpgpa.bsky.social","The popular movement to cancel Disney subscriptions is dovetailing with Blackout the System, Sept 16 - 20. Perfect timing. Its Day 4 of 5 for the nationwide boycott #blackoutthesystem. Buy from small businesses only. """"We are done funding our own oppression.""""","2025-09-19T18:39:21.943Z"
"jpgpa.bsky.social","Remove the Felon Pedophile. Remove the Felon Pedophile. Remove the Felon Pedophile. Remove the Felon Pedophile. Remove the Felon Pedophile. Remove the Felon Pedophile. Remove the Felon Pedophile. Remove the Felon Pedophile. Remove the Felon Pedophile. Remove the Felon Pedophile.","2025-09-20T03:54:59.437Z"
"jpgpa.bsky.social","#ONEV1 #Pinks ðŸŒ¸ #Voices4Victory","2025-09-20T00:49:05.838Z"
"jpgpa.bsky.social","The disgraceful behavior of legacy media has made supporting independent, pro-democracy media more important than ever. I founded Democracy Docket in the crucible of 2020 to be just that. It will never bow down or give in. Sign up now to support its work! hubs.ly/Q03jcjqP0","2025-09-19T22:45:57.281Z"
"jpgpa.bsky.social","ðŸ˜¯","2025-09-19T02:07:11.837Z"
"jpgpa.bsky.social","Same.","2025-09-19T04:32:33.594Z"
"jpgpa.bsky.social","Crockett: When you I say you are the least qualified in the history of the FBI, itâ€™s realâ€¦ Patel: Thatâ€™s false Crockett: I didnâ€™t ask you a question. I want to talk about why you're a failure and honestly we need to tell you, bye, bye","2025-09-17T17:49:20.075Z"
"jpgpa.bsky.social","The right wing can complain all they want, but we will continue to fight for free and fair elections and against GOP collusion to undermine them.","2025-09-17T13:57:23.894Z"
"jpgpa.bsky.social","Donâ€™t let this make you quieter. Get louder.","2025-09-17T23:27:39.299Z"
"jpgpa.bsky.social","this doesn't look like a normal distribution","2025-09-17T12:19:24.306Z"
"jpgpa.bsky.social","A right wing meme against Kash Patel","2025-09-18T01:37:30.168Z"
"jpgpa.bsky.social","#ReleaseTheEpsteinFiles #CharlieKirk #EpsteinFiles","2025-09-14T13:48:37.150Z"
"jpgpa.bsky.social","#EpsteinFiles","2025-09-14T12:59:47.542Z"
"jpgpa.bsky.social","#ReleaseTheEpsteinFiles #EpsteinFiles","2025-09-14T22:25:34.180Z"
"jpgpa.bsky.social","It seems like a good day for this: Someone who opposes all American values sits in our highest office, dismantling our nation before our eyes. I ask AGAIN: Why isn't he stopped? Where are our lawmakers? Why are they impotent? What does he HAVE on them? #EpsteinFiles #USDemocracy #Voices4Victory","2025-09-15T18:02:47.811Z"
"jpgpa.bsky.social","And this! #RESIST #BLUECREW #VOTEBLUE #PROJECT2026 #EPSTEINFILES #TRUMPISAPEDOPHILE","2025-09-14T11:28:20.587Z"
"jpgpa.bsky.social","1/5 Finally the press (in this case UK press) is focusing on Trump's deteriorating mental condition, which psychiatrists have warned about for years. The past year his """"quirks"""" have been observed, but not taken seriously. That's a serious mistake. #ProudBlue www.theguardian.com/us-news/2025...","2025-09-15T00:58:41.378Z"
"jpgpa.bsky.social","He's a keeper! #politics #fascism","2025-09-15T03:57:45.891Z"
"jpgpa.bsky.social","MAGA needs to stop the gaslighting and just admit the truth - that this guy is one of their own. I am so sick of their insane bullshit. Itâ€™s NOT the left using vitriolic rhetoric or calling for violence, itâ€™s them. FFS Elon is sharing a doxxing list with millions of followers. They own this mess.","2025-09-15T00:18:09.551Z"
"jpgpa.bsky.social","The 400 richest Americans are now worth a record $6.6 trillion, after getting $1.2 trillion richer over the past year alone. Meanwhile, the rest of the country is getting squeezed by tariffs and high prices for groceries, utilities, and health care. The system is broken.","2025-09-15T01:31:06.244617Z"
"jpgpa.bsky.social","""""Let's put [Liz Cheney] with a rifle standing there with nine barrels shooting at her, okay? Let's see how she feels about it, you know, when the guns are trained on her face."""" â€” Donald Trump, October 31, 2024","2025-09-15T00:17:47.486Z"
"jpgpa.bsky.social","Proving yet again what a small, petty, whiny, pathetic loser he is.","2025-09-08T13:01:27.914Z"
"jpgpa.bsky.social","Hakeem Jeffries has appointed Eric Swalwell, Jasmine Crockett, Jared Moskowitz and Jamie Raskin to serve as the democratic members on the new January 6th committee. What great choices in my opinion, all four of these members will fight to make sure the truth is not whitewashed.","2025-09-08T19:39:56.970Z"
"jpgpa.bsky.social","So is the GOP now officially the pro pedophile party?","2025-09-09T00:44:02.195Z"
"jpgpa.bsky.social","Democratic Hoax you say !!! ðŸ˜³ðŸ‘‡","2025-09-09T02:20:40.183Z"
"jpgpa.bsky.social","Apparently Bill Clinton's birthday letter to Epstein is not interesting enough for James Comer to release to try to distract from the prepubsecent boobs on the Trump letter using his signature as pubic hair.","2025-09-09T02:51:38.428Z"
"jpgpa.bsky.social","On this topic: I stand with Joe Rogan!","2025-09-08T01:29:22.628Z"
"jpgpa.bsky.social","PUBLIC SERVICE ANNOUNCEMENT: If you need to know which map app to use, MapQuest has the large body of water to our south correctly identified, by its real name. Google maps & others do not, damaging their credibility. Maps MUST be ACCURATE. Thank you for your attention. #USDemocracy #Voices4Victory","2025-09-06T20:13:32.232Z"
"jpgpa.bsky.social","This is very accurate","2025-09-05T02:58:16.408Z"
"jpgpa.bsky.social","bsky.app/profile/silv...","2025-09-05T02:48:32.986Z"
"jpgpa.bsky.social","Good Morning! â˜€ï¸","2025-09-04T11:00:40.716Z"
"jpgpa.bsky.social","I just called my two senators (John Cornyn and Ted Cruz) begging them to insure that Kennedy resigns or is fired. This latest debacle at the CDC should be (and hopefully will be) the final straw... If you don't have @5calls.org on your phone, please download it... and then use it.","2025-08-28T17:26:50.103Z"
"jpgpa.bsky.social","Healthcare is a fundamental human right. Anyone who disagrees cannot call themself a 'Christian'.","2025-09-03T03:23:04.210Z"
"jpgpa.bsky.social","The Decline Is Acceleratingâ€¦.","2025-09-03T13:25:06.165Z"
"jpgpa.bsky.social","Netflix just gave Gavin Newsom 2 million for the redistricting fight and made a deal with Sesame Street. New episodes will air there and the backlog of old episodes will Be free to watch. Netflix picked a side. I will keep my subscription.","2025-09-01T13:05:25.694Z"
"jpgpa.bsky.social","We have to make this happen. Do not sit out 2026. Let there be a backstop to trumpism. VOTE BLUE!","2025-09-02T03:49:29.796Z"
"jpgpa.bsky.social","True Statement! Anyone else? #Pinks #ProudBlue","2025-09-02T00:43:33.350Z"
"jpgpa.bsky.social","ðŸ’¯ GM AND THANK YOU @stephen5150.bsky.social ðŸ¦‹","2025-09-01T14:58:17.454Z"
"jpgpa.bsky.social","What He Saidâ€¦. ðŸ¤¨ðŸ¤¨ðŸ¤¨ðŸ¤¨","2025-09-01T12:58:53.728Z"
"jpgpa.bsky.social","Remember that we can always find power, solidarity, and hope in the labor movement. [Artwork by Ricardo Levins Morales]","2025-09-01T17:00:16.347757Z"
"jpgpa.bsky.social","The definition of hypocrisy...","2025-08-31T23:36:11.664Z"
"jpgpa.bsky.social","What's with exGov John Kasich on MSNBC these days? He seems to be going back to the """"dark side"""" again these days with his commentary. Is he trying out for an ambassadorship or something with the orange turd or what?","2025-08-31T21:27:32.603Z"
"jpgpa.bsky.social","Correct! Losers voting for losers! Thatâ€™s what MAGA is all about!","2025-08-26T18:51:08.362Z"
"jpgpa.bsky.social","Release the Epstein files!","2025-08-31T02:15:08.394Z"
"jpgpa.bsky.social","Garcia: We finally got word from the Epstein estate. They're going to be providing the actual Epstein bookâ€¦ the estate is actually going to actually now get us that book and a bunch of other documents that they have that's actually not been reported yet.","2025-08-29T22:59:20.744Z"
"jpgpa.bsky.social","Honoring the pure love and innovation of Jim Henson. #ABC #CookieMonsters #Muppets #Kids #Kermit #SesameStreet","2025-08-29T04:58:38.889Z"
"jpgpa.bsky.social","YES, an IDIOCRACY DICTATORSHIP ðŸ˜µâ€ðŸ’«","2025-08-26T15:20:22.224Z"
"jpgpa.bsky.social","Constituent: You need to take your head out of Trumpâ€™s ass.","2025-08-26T00:54:56.391Z"
"jpgpa.bsky.social","Lenny Bruce","2025-08-26T04:05:28.466Z"
"jpgpa.bsky.social","A pardon. @wutangforchildren.bsky.social","2025-08-25T17:25:27.005Z"
"jpgpa.bsky.social","The one thing Trump fears most isnâ€™t prison. Itâ€™s irrelevance. And nothing makes him smaller than Europe deciding to act while he fumes on the sidelines. Watch what happens next! ðŸ”¥ðŸ‘‡ www.jackhopkinsnow.com","2025-08-22T15:47:45.086Z"
"jpgpa.bsky.social","ðŸ’¯","2025-08-22T14:17:55.386Z"
"jpgpa.bsky.social","ðŸ‘‡ðŸ‘‡ðŸ‘‡ðŸ‘‡ðŸ‘‡ðŸ‘‡ðŸ‘‡ðŸ‘‡ FACTS","2025-08-22T03:48:43.901Z"
"jpgpa.bsky.social","He always liked leverage.","2025-08-22T18:59:45.573Z"
"jpgpa.bsky.social","Amen !","2025-08-20T04:30:41.419Z"
"jpgpa.bsky.social","BREAKING: My sources tell me Vladimir Putin has been bragging that Donald Trump bought his pitch hook, line & sinker. Putin says he will never meet with Zelenskyâ€”doesnâ€™t even see him as legitimate.","2025-08-19T12:09:37.952Z"
"jpgpa.bsky.social","ðŸ¤·â€â™€ï¸ðŸ¤¦â€â™€ï¸","2025-08-19T05:27:11.117Z"
"jpgpa.bsky.social","ðŸ˜µâ€ðŸ’« what could Daddy Vlad say to frighten him so deeplyâ€¦ #kompromat ðŸ¤¯","2025-08-18T22:00:44.323Z"
"jpgpa.bsky.social","ðŸŽ¯ðŸ’¯â€¼ï¸ðŸ¤¡","2025-08-19T05:27:35.760Z"
"jpgpa.bsky.social","The Bully Gets His Punch","2025-08-19T04:11:44.000Z"
"jpgpa.bsky.social","What was that weird meeting in Alaska about? Well, it was â€¦","2025-08-16T08:58:12.904Z"
"jpgpa.bsky.social","Weâ€™re not distracted and itâ€™s not going away.","2025-08-17T03:07:59.618Z"
"jpgpa.bsky.social","It would be a shame if this photo of Obama holding the Nobel Peace Prize went viral on social media","2025-08-17T04:08:44.728Z"
"jpgpa.bsky.social","ðŸ”¥ðŸ”¥ðŸ”¥","2025-08-15T06:20:39.320Z"
"jpgpa.bsky.social","Exclusive footage of the Russian delegation leaving Alaska.","2025-08-15T00:48:46.540Z"
"jpgpa.bsky.social","Newsom: â€œWake up, America. If he rigs this election, you wonâ€™t have a country anymore.â€","2025-08-14T22:01:10.783Z"
"jpgpa.bsky.social","Notification about the Kennedy Center Honors:","2025-08-14T17:16:39.863Z"
"jpgpa.bsky.social","ICYMI:","2025-08-15T03:47:10Z"
"jpgpa.bsky.social","youtu.be/7xQX-YPBZyQ?... @jamieb.bsky.social","2025-08-14T09:55:12.586Z"
"jpgpa.bsky.social","Loving â€˜Gloves-Off Gavinâ€™â€¦ ðŸ‘ŠðŸ»","2025-08-14T19:20:53.487Z"
"jpgpa.bsky.social","Same","2025-08-14T01:36:15.656Z"
"jpgpa.bsky.social","Unredacted without deletions","2025-08-14T04:23:40.465Z"
"jpgpa.bsky.social","The strangest effect on me during the """"tRump era"""" is that the slightest little act of kindness that I see or read about on any subject on TV or online or wherever gets me all teary eyed and emotional!","2025-08-10T21:14:16.855Z"
"jpgpa.bsky.social","SOUTH PARK DOES IT AGAIN In their new episode Kristi Noem's Botox melts as ICE carries out a raid to deport Dora the Explorer but finds she's been s*x trafficked to Mar-a-Lago and is giving a massage to an old man. They are pulling ZERO punches!","2025-08-08T01:28:43.639Z"
"jpgpa.bsky.social","Don't sweat it -he's always seething he's been seething since he was teething","2025-08-08T04:04:28.460Z"
"jpgpa.bsky.social","DEMOCRATSâ€¼ï¸ If youâ€™re worried about fighting dirty, remember thisâ€”extreme partisan gerrymandering in North Carolina handed Republicans three extra seats and control of the House in 2024. Fighting fire with fire is long overdue.","2025-08-08T02:27:58.815Z"
"jpgpa.bsky.social","When the lights are turned back on and decency prevails, we should empty all the internment camps of immigrants and lock up these hateful, batshit crazy homophobes. GOP official proudly shares invitation to church that called for killing LGBTQ+ people www.lgbtqnation.com/2025/08/gop-...","2025-08-05T18:44:24.725Z"
"jpgpa.bsky.social","Itâ€™s true. Digging up concrete and asphalt to harvest the produce underneath would break anyoneâ€™s back.","2025-08-05T18:35:46.130Z"
"jpgpa.bsky.social","@journeyled1.bsky.social @angiesnyder.bsky.social @alicekobres.bsky.social @robmede.bsky.social @bluestormcomin1.bsky.social @womaninterrupted.bsky.social @lbw28.bsky.social @mickw26.bsky.social @adamscollins.bsky.social @jpgpa.bsky.social @sassysister27.bsky.social @kmac1129.bsky.social","2025-08-04T20:58:54.817Z"
"jpgpa.bsky.social","ðŸŽ¯ðŸŽ¯ðŸŽ¯ðŸŽ¯ðŸŽ¯ðŸŽ¯ðŸŽ¯","2025-08-03T14:20:20.286Z"
"jpgpa.bsky.social","Because Republicans.","2025-08-01T02:41:48.903Z"
"jpgpa.bsky.social","As far as I'm concerned as an elderly handicapped man, the greatest thing I can do next year in November is vote straight Democatic at every level. I am so tired of these unempathetic flag waving people that have squatted down now on the conservative side and are doing real harm to the USA.","2025-07-31T22:01:00.805Z"
"jpgpa.bsky.social","After seeing tRump play golf in Scotland, I was reminded of """"Goldfinger"""" and his caddie """"Oddjob"""" playing with """"007""""! They had more scruples though I think but it is a close comparison.","2025-07-30T18:28:06.361Z"
"jpgpa.bsky.social","I think Bove looks like """"Nosferatu"""" - just one man's opinion!","2025-07-28T22:33:38.473Z"
"jpgpa.bsky.social","Can't they just make public what the questions were that they asked Ghislaine Maxwell the last 2 days?","2025-07-25T20:04:02.389Z"
"jpgpa.bsky.social","I can't believe they would incinerate that USAID food with how many lives it can save! Give those sacks to George Soros or Mark Cuban. They'll take care of it.","2025-07-15T21:55:17.841Z"
"jpgpa.bsky.social","Nobody hit home with me about ICE cruelity more than the little league baseball coach in Harlem on Nicole's show on MSNBC yesterday. I just can't believe they showed up at a little league practice asking the kids questions about their parents. Coach Wilder, you deserve the Medal of Freedom!","2025-07-15T21:35:53.246Z"
"jpgpa.bsky.social","We need more Richard Painter on MSNBC! Put him on CNN too. Just saw him up against buffoon Sen. Kennedy and Painter reduced the old blow-hard to rubble.","2025-07-10T20:06:16.529Z"
"jpgpa.bsky.social","How about this for ALL flood prone areas: First, powerful sirens that intersect in hearing distances and second, a requirement for ALL places where people """"cluster"""" (camps etc) to have radios that can receive and send signals in the most mountainous and difficult terrain and in 3rd place cell phones","2025-07-07T23:34:10.315Z"
"jpgpa.bsky.social","ICYMI:","2025-07-06T02:08:34Z"
"jpgpa.bsky.social","For my cell phone (which travels with me everywhere I go) I have taken a picture of my PA birth certificate AND my real ID PA drivers license (mainly to identify by picture that the birth certificate is indeed mine). Family arrived 1643. Is this what I need to do these days to keep ICE off my back?!","2025-06-30T21:49:25.562Z"
"jpgpa.bsky.social","Unsung hero of WWII","2025-06-13T10:20:47.098Z"
"jpgpa.bsky.social","LMAOOOO www.instagram.com/reel/DK2nMmJ...","2025-06-14T00:31:26.720Z"
"jpgpa.bsky.social","MeidasTouch host Ben Meiselas reports on how Donald Trumpâ€™s policies are destroying Florida and now Florida voters are responding and Meiselas interviews Democratic Congresswoman Kathy Castor and what sheâ€™s seeing in Tampa and across Florida.","2025-06-02T04:16:01.998Z"
"jpgpa.bsky.social","So just like in America felon 47 is expecting expensive gifts for favorable treatment.","2025-05-31T11:36:50.695Z"
"jpgpa.bsky.social","What infuriates me so much about this new operation is that it is literally punishing people for following the rules and showing up to their court hearings. It is so toxic to the basic concept of following the rules. It is an operation designed by people who hate the concept of the rule of law.","2025-06-01T00:32:26.674Z"
"jpgpa.bsky.social","Who did this? ðŸ˜‚","2025-05-31T13:49:20.337Z"
"jpgpa.bsky.social","Repost if you agree","2025-05-31T17:39:30.871Z"
"jpgpa.bsky.social","We are at the 100 day mark and if those """"bozos"""" that voted for tRump are still spouting off his praises, they are beyond redemption. We, of course, have still not seen the full tsunami that will befall us but by then their cries will be beyond my ears!","2025-04-29T19:34:14.476Z"
"jpgpa.bsky.social","Just wait until parents go to buy running shoes or whatever for their kids and the price is through the roof with almost no selection.","2025-04-28T04:06:19.846Z"
"jpgpa.bsky.social","ðŸ¤¬ðŸ¤¬ðŸ¤¬ðŸ¤¬","2025-04-28T01:29:44.983Z"
"jpgpa.bsky.social","How awesome. Thanks, rapist felon voters. We all see your shitty flags and bumper stickers and red hats from china. Absolute traitors.","2025-04-28T01:21:01.094Z"
"jpgpa.bsky.social","Pennsylvania is facing a nursing shortageâ€”hereâ€™s how it plans to fix it","2025-04-19T05:02:53.548Z"
"jpgpa.bsky.social","The Trump administration appears to be actively contemplating an act of Putin-like aggression and annexation against a NATO ally.","2025-03-23T23:59:50.379Z"
"jpgpa.bsky.social","What I don't seem to hear much about either on here or on news shows etc. is the subject of having the super rich coughing up their fair share to solve all monetary problems in USA. Understand super rich don't want to bring that up but why not others hitting hard on that subject?","2025-03-23T21:37:41.258Z"
"jpgpa.bsky.social","Been looking at a bunch of pictures of tRump and what strikes me is that in all of them """"there's nobody home!!"""" It's really obvious.","2025-03-13T20:29:03.919Z"
"jpgpa.bsky.social","Is there a place to go online to sign up and put my name out there to never vote for ANY Republican in ANY office in 2026.","2025-03-10T22:21:17.237Z"
"jpgpa.bsky.social","What would things be like if at least the House was controlled at the moment by the dems? Would they be able to stop all of tRump's Article I end run's he's been trying? I am hoping (and history and current polls seem to dictate) that come Jan '27 at least the House will be back in dems hands.","2025-03-05T23:55:25.662Z"
"jpgpa.bsky.social","what makes Klobuchar think tRump's going to stick with our allies in tonight's speech?","2025-03-04T23:28:55.871Z"
"jpgpa.bsky.social","Do NOT wear pink or any other coordinated color tonight! It'll look like a bunch of painted monkeys out there. Shout that """"you aren't going to take it anymore"""" or some such instead! Get aggressive - they sure are!","2025-03-04T23:12:57.502Z"
"jpgpa.bsky.social","I posted this earlier . Give it a listen.","2025-03-04T19:21:36.116Z"
"jpgpa.bsky.social","Doug Ford for President!","2025-03-04T21:40:17.186Z"
"jpgpa.bsky.social","Impeach this mofo.","2025-03-04T17:22:40.261Z"
"jpgpa.bsky.social","Doug Ford forever!","2025-03-04T21:16:38.355Z"
"jpgpa.bsky.social","Can't make up my mind whether I think the Dems should boycott the tRump """"show"""" Tues. night. I can see pros and cons here. What say you?","2025-03-02T21:59:29.935Z"
"jpgpa.bsky.social","Pass it on. #StandWithUkraine","2025-02-28T20:44:11.532Z"
"jpgpa.bsky.social","generalstrikeus.com jointhepeoplesunion.com resistance2025.info Look at the Shutdown315 Movement and 50501 for protests to join or start. Download 5calls to call your representatives easily. It even gives you a script for whichever topic you pick.","2025-02-17T04:41:06.933Z"
"jpgpa.bsky.social","Don't let tRump negotiate - he's an 8 year old child and it sure shows today in Munich.","2025-02-13T22:39:00.951Z"
"jpgpa.bsky.social","I am no makeup expert, but doesn't tRump know that his face is more orange than an orange. If I was spraying my face with that goop, I would grab a much lighter shade - maybe the color of his butt, unless that's too brown. It's not rocket science!","2025-02-13T20:02:25.007Z"
"jpgpa.bsky.social","PLEASE SHARE.","2025-02-10T13:02:07.301Z"
"jpgpa.bsky.social","Monday thought:","2025-02-10T13:41:15.424Z"
"jpgpa.bsky.social","www.justsecurity.org/107087/track...","2025-02-10T22:35:35.085Z"
"jpgpa.bsky.social","what is this guy Tim Burchett doing on CNN? what an ass!","2025-02-08T22:16:23.469Z"
"jpgpa.bsky.social","This is hilarious. I especially like the annexation of Green Bay and the mystery Mississippi River announcement.","2025-02-07T20:50:29.478Z"
"jpgpa.bsky.social","Is Hegseth still sober? Has he been caught yet taking a little nip?","2025-02-07T20:10:26.356Z"
"jpgpa.bsky.social","Sarah Longwell is a pleasure to listen to on MSNBC! A little light in a depressing age! Thank you Sarah!","2025-02-05T21:47:32.071Z"
"jpgpa.bsky.social","Jesus it's depressing on MSNBC right now!!! Makes me just want to go back to bed.","2025-02-04T22:32:24.972Z"
"jpgpa.bsky.social","Imposing tariffs on Mexico, especially, is a really effective way to - increase inflation - increase illegal immigration - undermine domestic manufacturing Those are the goals, right?","2025-02-01T04:28:08.030Z"
"jpgpa.bsky.social","Honestly, I may not be against Trump building a wall anymore because Iâ€™m thinking about moving to Mexico.","2025-01-29T23:15:48.618Z"
"jpgpa.bsky.social","Look at this amazing website that @adamparkhomenko.bsky.social has put together Letâ€™s spread it far and wide trumpgolftrack.com","2025-01-29T04:33:41.515Z"
"jpgpa.bsky.social","Watching these red states attack federal fundingâ€”apparently not realizing that most of their states are broke and would completely collapse without itâ€”will always be hilarious to me. â€œGive it all back to the states!â€ Sit down, Cletus. Your state canâ€™t buy sandwiches for kids.","2025-01-29T18:40:17.132Z"
"jpgpa.bsky.social","MAGA, will blame Hunter Biden, most likely","2025-01-21T18:06:16.784Z"
"jpgpa.bsky.social","I've been trying to not see tRump or talk on TV about him today but that's impossible, isn't it?!","2025-01-20T21:20:53.544Z"
"jpgpa.bsky.social","Thank you Ursula Faw! politizoom.com/goodbye-free...","2025-01-19T00:17:01.893Z"
"jpgpa.bsky.social","Too true.","2025-01-19T00:31:57.670Z"
"jpgpa.bsky.social","In 2 years the Democrats better take back the House and I hope the Senate to minmize the damage that will start January 20th. The party """"experts"""" on election effectiveness, if that's the correct term, have got to get their act together. No room for mistakes this go round!","2025-01-16T21:51:10.916Z"
"jpgpa.bsky.social","If it had been Kamala winning the election I would have advised against a pardon, but with this long line of reprobates that are going to be occupying the golden halls of justice, I as a father myself of 2 boys would not hesitate to free my son from these scoundrels if I had the chance.","2024-12-02T21:10:09.290Z"
"jpgpa.bsky.social","Does Biden had the power right now to demand FBI background checks on these miscreants of Trump's that are up for Senate approval?","2024-11-27T22:44:54.502Z"
